chromosome,start,end,marker_name
omy01,18131458,18131758,Ocl107031D
omy01,36083169,36083403,Ocl131785D
omy01,39890604,39890900,Ocl107607D
omy01,66079410,66079707,Ocl104216D
omy02,8554707,8555006,Ocl98683D
omy02,24109450,24109750,Ocl102195D
omy03,27024591,27024889,Ocl102420D
omy03,67894375,67894639,Ocl117815D
omy04,14572410,14572710,Ocl129458D
omy05,14306884,14307184,Ocl110362D
omy05,37630533,37630793,Ocl114250D
omy05,40063292,40063532,Ocl114448D
omy06,20342694,20342994,Ocl103122D
omy06,36370860,36371081,Ocl100771D
omy06,49694655,49694877,Ocl96500D
omy06,57780275,57780479,Ocl110571D
omy07,31765358,31765596,Ocl131802D
omy07,36599490,36599790,Ocl131460D
omy07,61875256,61875526,Ocl97077D
omy08,7540445,7540674,Ocl123470D
omy08,8955903,8956093,Ocl105115D
omy08,12273603,12273889,Ocl111681D
omy08,42764057,42764238,OCl104519D
omy08,43671799,43672081,Ocl108007D
omy08,48308951,48309251,Ocl129144D
omy08,60055404,60055684,Ocl110495D
omy08,69315692,69315912,Ocl98409D
omy08,74176679,74176925,Ocl112669D
omy09,25770263,25770563,Ocl102414D
omy09,26776124,26776378,Ocl126160D
omy10,16728180,16728480,Ocl127510D
omy10,30042392,30042694,Ocl130720D
omy11,33536753,33537013,Ocl117144D
omy12,22408368,22408657,Ocl102267D
omy12,28727756,28728025,Ocl110201D
omy12,46123559,46123859,Ocl123044D
omy13,20282265,20282527,Ocl118175D
omy14,11710618,11710850,Ocl109693D
omy14,56476387,56476600,Ocl113979D
omy14,57787673,57787918,Ocl125998D
omy14,70770436,70770735,Ocl108505D
omy15,17300971,17301265,Ocl111084D
omy15,24040675,24040977,Ocl96222D
omy15,26124243,26124543,Ocl117432D
omy16,12416352,12416628,Ocl106747D
omy16,14853766,14854045,Ocl117370D
omy16,37637535,37637833,Ocl123048D
omy17,58616171,58616412,Ocl111312D
omy17,62552938,62553216,Ocl103350D
omy17,64697551,64697809,Ocl_gshpx-357
omy18,45863112,45863393,Ocl106419D
omy20,15747412,15747712,Ocl107074D
omy21,24130100,24130391,Ocl112208D
omy22,7759230,7759392,Ocl127556D
omy22,21689562,21689734,Ocl102505D
omy22,22964585,22964828,Ocl105768D
omy24,16472495,16472758,Ocl101506D
omy25,26312549,26312807,Ocl101704D
omy25,30017341,30017641,Ocl107336D
omy25,67809012,67809312,Ocl102567D
omy26,6799409,6799643,Ocl119108D
omy26,19131067,19131341,Ocl96899D
omy27,21041038,21041338,Ocl96127D
omy28,11406812,11407099,Ocl108820D
omy28,16512451,16512724,Ocl100974D
